{
    "prepare_queue": {
        "installed": [],
        "uninstalled": []
    },
    "config_munge": {
        "files": {
            "res/xml/config.xml": {
                "parents": {
                    "/*": [
                        {
                            "xml": "<feature name=\"Whitelist\"><param name=\"android-package\" value=\"org.apache.cordova.whitelist.WhitelistPlugin\" /><param name=\"onload\" value=\"true\" /></feature>",
                            "count": 1
                        },
                        {
                            "xml": "<feature name=\"Flashlight\"><param name=\"android-package\" value=\"nl.xservices.plugins.Flashlight\" /></feature>",
                            "count": 1
                        },
                        {
                            "xml": "<feature name=\"Device\"><param name=\"android-package\" value=\"org.apache.cordova.device.Device\" /></feature>",
                            "count": 1
                        },
                        {
                            "xml": "<feature name=\"Compass\"><param name=\"android-package\" value=\"org.apache.cordova.deviceorientation.CompassListener\" /></feature>",
                            "count": 1
                        },
                        {
                            "xml": "<feature name=\"Notification\"><param name=\"android-package\" value=\"org.apache.cordova.dialogs.Notification\" /></feature>",
                            "count": 1
                        },
                        {
                            "xml": "<feature name=\"Vibration\"><param name=\"android-package\" value=\"org.apache.cordova.vibration.Vibration\" /></feature>",
                            "count": 1
                        },
                        {
                            "xml": "<feature name=\"Camera\"><param name=\"android-package\" value=\"org.apache.cordova.camera.CameraLauncher\" /></feature>",
                            "count": 1
                        }
                    ]
                }
            },
            "AndroidManifest.xml": {
                "parents": {
                    "/manifest": [
                        {
                            "xml": "<uses-permission android:name=\"android.permission.CAMERA\" />",
                            "count": 1
                        },
                        {
                            "xml": "<uses-permission android:name=\"android.permission.VIBRATE\" />",
                            "count": 1
                        }
                    ],
                    "/*": [
                        {
                            "xml": "<uses-permission android:name=\"android.permission.ACCESS_COARSE_LOCATION\" />",
                            "count": 1
                        },
                        {
                            "xml": "<uses-permission android:name=\"android.permission.ACCESS_FINE_LOCATION\" />",
                            "count": 1
                        },
                        {
                            "xml": "<uses-permission android:name=\"android.permission.WRITE_EXTERNAL_STORAGE\" />",
                            "count": 1
                        }
                    ],
                    "application": [
                        {
                            "xml": "<provider android:authorities=\"${applicationId}.provider\" android:exported=\"false\" android:grantUriPermissions=\"true\" android:name=\"android.support.v4.content.FileProvider\"><meta-data android:name=\"android.support.FILE_PROVIDER_PATHS\" android:resource=\"@xml/provider_paths\" /></provider>",
                            "count": 1
                        }
                    ]
                }
            }
        }
    },
    "installed_plugins": {
        "cordova-plugin-whitelist": {
            "PACKAGE_NAME": "io.cordova.myappe154c6"
        },
        "cordova-plugin-flashlight": {
            "PACKAGE_NAME": "io.cordova.myappe154c6"
        },
        "cordova-plugin-device": {
            "PACKAGE_NAME": "io.cordova.myappe154c6"
        },
        "cordova-plugin-device-orientation": {
            "PACKAGE_NAME": "io.cordova.myappe154c6"
        },
        "cordova-plugin-dialogs": {
            "PACKAGE_NAME": "io.cordova.myappe154c6"
        },
        "cordova-plugin-vibration": {
            "PACKAGE_NAME": "io.cordova.myappe154c6"
        },
        "cordova-plugin-camera": {
            "PACKAGE_NAME": "edu.hvcc.cschwartz.app.spiritfinder"
        },
        "cordova-plugin-compat": {
            "PACKAGE_NAME": "io.cordova.myappe154c6"
        }
    },
    "dependent_plugins": {},
    "modules": [
        {
            "id": "cordova-plugin-flashlight.Flashlight",
            "file": "plugins/cordova-plugin-flashlight/www/Flashlight.js",
            "pluginId": "cordova-plugin-flashlight",
            "clobbers": [
                "window.plugins.flashlight"
            ]
        },
        {
            "id": "cordova-plugin-device.device",
            "file": "plugins/cordova-plugin-device/www/device.js",
            "pluginId": "cordova-plugin-device",
            "clobbers": [
                "device"
            ]
        },
        {
            "id": "cordova-plugin-device-orientation.CompassError",
            "file": "plugins/cordova-plugin-device-orientation/www/CompassError.js",
            "pluginId": "cordova-plugin-device-orientation",
            "clobbers": [
                "CompassError"
            ]
        },
        {
            "id": "cordova-plugin-device-orientation.CompassHeading",
            "file": "plugins/cordova-plugin-device-orientation/www/CompassHeading.js",
            "pluginId": "cordova-plugin-device-orientation",
            "clobbers": [
                "CompassHeading"
            ]
        },
        {
            "id": "cordova-plugin-device-orientation.compass",
            "file": "plugins/cordova-plugin-device-orientation/www/compass.js",
            "pluginId": "cordova-plugin-device-orientation",
            "clobbers": [
                "navigator.compass"
            ]
        },
        {
            "id": "cordova-plugin-dialogs.notification",
            "file": "plugins/cordova-plugin-dialogs/www/notification.js",
            "pluginId": "cordova-plugin-dialogs",
            "merges": [
                "navigator.notification"
            ]
        },
        {
            "id": "cordova-plugin-dialogs.notification_android",
            "file": "plugins/cordova-plugin-dialogs/www/android/notification.js",
            "pluginId": "cordova-plugin-dialogs",
            "merges": [
                "navigator.notification"
            ]
        },
        {
            "id": "cordova-plugin-vibration.notification",
            "file": "plugins/cordova-plugin-vibration/www/vibration.js",
            "pluginId": "cordova-plugin-vibration",
            "merges": [
                "navigator.notification",
                "navigator"
            ]
        },
        {
            "id": "cordova-plugin-camera.Camera",
            "file": "plugins/cordova-plugin-camera/www/CameraConstants.js",
            "pluginId": "cordova-plugin-camera",
            "clobbers": [
                "Camera"
            ]
        },
        {
            "id": "cordova-plugin-camera.CameraPopoverOptions",
            "file": "plugins/cordova-plugin-camera/www/CameraPopoverOptions.js",
            "pluginId": "cordova-plugin-camera",
            "clobbers": [
                "CameraPopoverOptions"
            ]
        },
        {
            "id": "cordova-plugin-camera.camera",
            "file": "plugins/cordova-plugin-camera/www/Camera.js",
            "pluginId": "cordova-plugin-camera",
            "clobbers": [
                "navigator.camera"
            ]
        },
        {
            "id": "cordova-plugin-camera.CameraPopoverHandle",
            "file": "plugins/cordova-plugin-camera/www/CameraPopoverHandle.js",
            "pluginId": "cordova-plugin-camera",
            "clobbers": [
                "CameraPopoverHandle"
            ]
        }
    ],
    "plugin_metadata": {
        "cordova-plugin-whitelist": "1.2.2",
        "cordova-plugin-flashlight": "3.2.0",
        "cordova-plugin-device": "1.1.6",
        "cordova-plugin-device-orientation": "1.0.7",
        "cordova-plugin-dialogs": "1.3.3",
        "cordova-plugin-vibration": "2.1.5",
        "cordova-plugin-camera": "2.4.1",
        "cordova-plugin-compat": "1.2.0"
    }
}